domain,ranking,mld_res,mld.ps_res,card_rem,ratio_Rrem,ratio_Arem,jaccard_RR,jaccard_RA,jaccard_AR,jaccard_AA,jaccard_ARrd,jaccard_ARrem,label
nobell.it/70ffb52d079109dca5664cce6f317373782/login.SkyPe.com/en/cgi-bin/verification/login/70ffb52d079109dca5664cce6f317373/index.php?cmd=_profile-ach&outdated_page_tmpl=p/gen/failed-to-load&nav=0.5.1&login_access=1322408526,10000000,1,0,18,107.611111,107.277778,0,0,0,0,0.8,0.795729,1
www.dghjdgf.com/paypal.co.uk/cycgi-bin/webscrcmd=_home-customer&nav=1/loading.php,10000000,0,0,11,150.636364,152.272727,0,0,0,0,0,0.768577,1
serviciosbys.com/paypal.cgi.bin.get-into.herf.secure.dispatch35463256rzr321654641dsf654321874/href/href/href/secure/center/update/limit/seccure/4d7a1ff5c55825a2e632a679c2fd5353/,10000000,0,0,14,73.5,72.642857,0,0,0,0,0,0.726582,1
mail.printakid.com/www.online.americanexpress.com/index.html,10000000,0,0,6,562,590.666667,0,0,0,0,0,0.85964,1
thewhiskeydregs.com/wp-content/themes/widescreen/includes/temp/promocoessmiles/?84784787824HDJNDJDSJSHD//2724782784/,10000000,0,0,8,29,24.125,0,0,0,0,0,0.748971,1
smilesvoegol.servebbs.org/voegol.php,10000000,0,0,2,223.5,234,0,0,0,0,0,0.852227,1
premierpaymentprocessing.com/includes/boleto-2via-07-2012.php,10000000,0,0,4,119,121.5,0,0,0,0,0,0.853565,1
myxxxcollection.com/v1/js/jih321/bpd.com.do/do/l.popular.php,10000000,0,0,4,160.5,157.25,0,0,0,0,0,0.777622,1
super1000.info/docs,10000000,0,0,1,21,13,0,0,0,0,0,0.36,1
horizonsgallery.com/js/bin/ssl1/_id/www.paypal.com/fr/cgi-bin/webscr/cmd=_registration-run/login.php?cmd=_login-run&amp;dispatch=1471c4bdb044ae2be9e2fc3ec514b88b1471c4bdb044ae2be9e2fc3ec514b88b,10000000,0,0,16,142.375,142.5,0,0,0,0,0,0.803006,1
phlebolog.com.ua/libraries/joomla/results.php,10000000,0,0,4,183.25,196.5,0,0,0,0,0,0.843447,1
docs.google.com/spreadsheet/viewform?formkey=dE5rVEdSV2pBdkpSRy11V3o2eDdwbnc6MQ,1,1,1,6,71.166667,78.666667,0.028235,0.032239,0.027365,0.031432,0.886969,0.696226,1
www.coincoele.com.br/Scripts/smiles/?pt-br/Paginas/default.aspx,10000000,0,0,5,22.6,19,0,0,0,0,0,0.733333,1
www.henkdeinumboomkwekerij.nl/language/pdf_fonts/smiles.php,10000000,0,0,5,120,124.6,0,0,0,0,0,0.833583,1
perfectsolutionofall.net/wp-content/themes/twentyten/wiresource/,10000000,0,0,6,50.333333,45,0,0,0,0,0,0.707463,1
lingshc.com/old_aol.1.3/?Login=&amp;Lis=10&amp;LigertID=1993745&amp;us=1,10000000,0,0,5,162.2,165.6,0,0,0,0,0,0.843645,1
anonymeidentity.net/remax./remax.htm,10000000,0,0,2,34,18.5,0,0,0,0,0,0.381579,1
dutchweb.gtphost.com/zimbra/exch/owa/uleth/index.html,10000000,0,0,6,72.5,70.166667,0,0,0,0,0,0.798319,1
www.avedeoiro.com/site/plugins/chase/,10000000,0,0,3,94.333333,81,0,0,0,0,0,0.64375,1
asladconcentration.com/paplkuk1/webscrcmd=_home-customer&nav=1/,10000000,0,0,7,147.857143,150.571429,0,0,0,0,0,0.703915,1
www.regaranch.info/grafika/file/2012/atualizacao/www.itau.com.br/,10000000,0,0,6,141.166667,140.833333,0,0,0,0,0,0.790476,1
optimistic-pessimism.com/aoluserupdatealert.info.htm,10000000,0,0,6,64.333333,51.666667,0,0,0,0,0,0.611111,1
mercadolivre.com.br.premiosfidelidade2012.com.br/confirmar/,10000000,0,0,4,50,43,0,0,0,0,0,0.61039,1
www.everythinggoingon.net/~gpeveryt/home/Email/,10000000,0,0,3,429,431.333333,0,0,0,0,0,0.798606,1
mercadolivre.com.br.premiosfidelidade2012.com.br/,10000000,0,0,3,63.666667,54.666667,0,0,0,0,0,0.591928,1
www.revitolcream.org/wp-content/plugins/all-in-one-seo-pack/rex/secure-code17/security/,10000000,0,0,10,138.3,143.9,0,0,0,0,0,0.744129,1
jameshowardmusic.com/wp-content/themes/widescreen/includes/cache/bbnew/bb.php,10000000,0,0,7,189.142857,196.428571,0,0,0,0,0,0.812626,1
xini.eu/00Qe,10000000,1,0,0,0,0,0,0,0,0,0.25,0,1
myxxxcollection.com/v1/js/555klisdr/bpd.com.do/do/l.popular.php,10000000,0,0,4,160.5,157.25,0,0,0,0,0,0.777622,1
paypal.com.cgi.bin.webscr.cmd.login.submit.dispatch.5885d80a13c03faee8dcbcd55a50598f04d34b4bf5tt1.mediareso.com/secure-code90/security/,10000000,0,0,13,173.230769,176.076923,0,0,0,0,0,0.781483,1
ebayisapidlld.altervista.org/,602,1,1,0,0,0,0,0,0,0,0.8,0,1
horizonsgallery.com/js/bin/ssl/_id/www.paypal.com/fr/cgi-bin/webscr/cmd=_registration-run/login.php?cmd=_login-run&dispatch=7adb89899b4614aec6715340ae31adce7adb89899b4614aec6715340ae31adce,10000000,0,0,16,143.875,143.625,0,0,0,0,0,0.803922,1
www.revitolcream.org/wp-content/plugins/all-in-one-seo-pack/rex/secure-code5/security/login.php,10000000,0,0,12,214,223.75,0,0,0,0,0,0.811379,1
sontemeda.altervista.org/paypinoko/paypinoko/procesing.php,602,1,1,6,113.833333,110.5,0,0.001466,0,0.001475,0.8,0.759477,1
promusic.co/components/interbank.com/,10000000,1,0,3,58,48.333333,0,0,0,0,0.615385,0.563725,1
uvb.lg.ua/templates/a216/.PayPaI/e9d83d4fd35ff9d702196ab514573999/,10000000,1,0,2,37.5,39.5,0,0,0,0,0,0.711111,1
docs.google.com/a/unmsm.edu.pe/spreadsheet/viewform?formkey=dEZoOXQwTzFkaUJCRTdhVlA3cTAyV1E6MQ,1,1,1,8,60.5,63.375,0.029663,0.032768,0.028835,0.031982,0.886969,0.682513,1
remax.com.behinehsazerooyesh.com/remax/index.htm,10000000,0,0,3,53.666667,44,0,0,0,0,0,0.583784,1
www.aclaydance.com/ncpf.php,10000000,0,0,1,437,460,0,0,0,0,0,0.853306,1
phamxuanlinh.tk/secure-code8/security/login.php,10000000,0,0,5,374,398.4,0,0,0,0,0,0.837298,1
stthomasedu.ucoz.ua/microsoft.htm,10000000,1,1,2,150.5,153,0,0.003195,0,0.003226,0.625,0.839394,1
www.procedimentotamfidelidade.com/regulamento/new/processo/atualiza/sacfidelidade/id=1714/,10000000,0,0,8,113.375,117,0,0,0,0,0,0.765326,1
paypal.com.us.cgi.bin.webscr.cmd.login.submit.bx3digitallp.com/Review/3a3e3c4dba5e5cc4407a5694adf1aa8e/,10000000,0,0,9,175,173.888889,0,0,0,0,0,0.77101,1
tinyurl.com/bswqloj,656,1,1,1,0,0,0,0,0,0,0.44,0,1
users11.jabry.com/blopp/Aolupdate.htm,56829,0,0,4,55,39.25,0,0,0,0,0,0.557851,1
tad.ly/BUpQLx,10000000,1,0,1,0,0,0,0,0,0,0.571429,0,1
professionalcrapsplayer.com/upgrade/logins/Trulia/index.htm,10000000,0,0,5,33.6,31.4,0,0,0,0,0,0.692708,1
westerncentermuseum.org/plugins/tmp/sp.php,10000000,0,0,3,162.333333,166.666667,0,0,0,0,0,0.848315,1
cardpromocion2012.com.br/vaidevisa/asp/conta/participe/autentica/autentica.php,10000000,0,0,7,98.714286,98.285714,0,0,0,0,0,0.807339,1
portalsalinas.com.br/modules/mod_acepolls/spam.php,10000000,0,0,5,103.8,105.6,0,0,0,0,0,0.84331,1
trigononline.com/Support.php,10000000,0,0,2,270.5,288,0,0,0,0,0,0.849338,1
docs.google.com/spreadsheet/viewform?formkey=dG9xR28xLUp1R2JPbmpRYjFGc2lmanc6MQ,1,1,1,5,85.4,94.4,0.028235,0.032239,0.027365,0.031432,0.886969,0.696226,1
nextgensmartphones.com//indexer/Trulia/index.htm,10000000,0,0,4,34,31.75,0,0,0,0,0,0.675159,1
lunatic-photography.opidum.de//wp-content/plugins/formulario.php,10000000,1,0,4,132.75,133.5,0,0,0,0,0,0.852174,1
users11.jabry.com/reaseo/Aolupdate.htm,56829,0,0,4,62.75,46.75,0,0,0,0,0,0.586957,1
tinyurl.com/c5br4qc,656,1,1,1,0,0,0,0,0,0,0.44,0,1
www.allandmedia.com/opencart/system/Cielo/index.html,10000000,0,0,6,157,167.833333,0,0,0,0,0,0.763801,1
www.hoskoyu.net/images/AolMail.htm,10000000,0,0,3,46,40,0,0,0,0,0,0.743243,1
www.russel.sk/menuonlineprivado/,10000000,1,0,3,963.333333,1036,0,0,0,0,0.882353,0.867372,1
www.bpoaccess.com/components/com_newsfeeds/cadastro.php,10000000,0,0,5,96,98.8,0,0,0,0,0,0.84121,1
maryhoffmann.com/hsbc/hsbc.MyHSBC_pib.htm,10000000,0,0,3,23.666667,12.666667,0,0,0,0,0,0.493151,1
extraordinarybirds.com/vb/Trulia/index.htm,10000000,0,0,3,42,39.333333,0,0,0,0,0,0.648649,1
apajufe.com.br/www.cielo.com.br/index.php,10000000,0,0,5,162.2,164.4,0,0,0,0,0,0.773073,1
distritabas.com.ar/survey/webscr.php?cmd=_login-run&dispatch=5885d80a13c0db1f1ff80d546411d7f8a8350c132bc41e0934cfc023d4e8f9e5bd76c88f5c3439f2e55b7639f529ccb3bd76c88f5c3439f2e55b7639f529ccb3,10000000,0,0,8,224.75,230.5,0,0,0,0,0,0.813745,1
www.pichincha.initi.in/internexo/jsp/loginbiometrico/loginBiometrico.jsp,10000000,0,0,7,140.285714,142.142857,0,0,0,0,0,0.830556,1
www.gestion-des-impayes.com/visuel.php?param=iK1/I3EkRQjb1KxExSxoEkRQjb1KwEibjkbvI/EkRQjb1KxESFFSEkRQjb1KwEiQI3bi3EkRQjb1KxErSCorxCrEkRQjb1KwE3sk/lPbY/EkRQjb1KxExEkRQjb1KwE1glibjkb,10000000,0,0,11,42.454545,44.272727,0,0,0,0,0,0.870588,1
melodylove.ru/images/stories/style/s/,10000000,0,0,3,72.666667,68,0,0,0,0,0,0.751037,1
www.dd.gostynin.edu.pl/images/smilies/Gbplugin.php,10000000,1,0,5,158,162,0,0,0,0,0.75,0.832761,1
portalfidelidade.net/linhasaereas/areadocliente/autenticado/siteseguro/cadastre-se/gratis/promocoes/novas/t.a.m/boasorte.asp/,10000000,0,0,15,35.266667,31.066667,0,0,0,0,0,0.730435,1
mindfulsolutionsinc.com/red/lov.html.draft,10000000,0,0,4,171,176.75,0,0,0,0,0,0.743108,1
account.craigjsilist.org/blog/login/index.php,10000000,0,0,4,382,405.25,0,0,0,0,0,0.842598,1
optimalit.co.uk/wp-content/uploads/2012/07/24/review.php,10000000,0,0,4,187.25,196.75,0,0,0,0,0,0.817751,1
gplayr.com/pub/www.paypal.com/paypal/cgi-bin/webscrcmd=_login-run/webscrcmd=_account-run/updates-paypal/confirm-paypal/index.htm,10000000,0,0,16,128.125,127.6875,0,0,0,0,0,0.768035,1
'motors.shop.ebay.com-cars-trucks-724527.jnq3.com/?Body\%20Type=truck&_dmpt=US_car_truck&_mqf=0&_qfkw=1&_fpos=95616&_lsbx=0&_fspt=0&_flso=0&Make=Toyota&_trksid=p1695235.m724&pid=tac2',10000000,0,0,19,54.736842,55.315789,0,0,0,0,0,0.763069,1
thaiyogajourney.com/plugins/content/backup/lloydstsb.co.uk/login.jsp.htm,10000000,0,0,7,139,139.285714,0,0,0,0,0,0.842952,1
www.meor.org/wp-includes/images/crystal/login.html,10000000,1,0,5,237.2,244.4,0,0,0,0,0.875,0.858025,1
raboardiendo.es/cmd/paypal/2/897962b2c7faf34e7f2d8353af8bdf4e/webscr.html?cmd=5885d80a13c0db1f22d2300ef60a67593b79a4d03747447e6b625328d36121a16bef586b4cee084cb52c28011ecf68066bef586b4cee084cb52c28011ecf6806,10000000,0,0,5,160.2,156.6,0,0,0,0,0,0.736842,1
dansk-4571.com/DK/,10000000,0,0,0,0,0,0,0,0,0,0,0,1
www.mbine.com/es/TLBS/tlbs/esp/segmento/particulares=JSP91/index.html,10000000,0,0,6,67.833333,65.666667,0,0,0,0,0,0.791946,1
shopgreenmall.net/tomatodesign.net/images/Design/hsbc/hsbc.MyHSBC_pib.htm,10000000,0,0,8,113.25,108.625,0,0,0,0,0,0.705091,1
click2.cardmemberservices.com/963227831.16589.723931113775.130,472690,1,1,0,0,0,0,0,0,0,0.333333,0,1
www.eunsonair.com//login.html,10000000,0,0,2,506.5,527,0,0,0,0,0,0.860486,1
www.wallhome.com/M5.php,10000000,0,0,1,437,460,0,0,0,0,0,0.853306,1
simplyshmellies.com/magento/shell/act.php,10000000,0,0,4,164,170.75,0,0,0,0,0,0.785333,1
www.sexymalaysia.com/assets/bbva/compass.htm,10000000,0,0,4,21.5,14.25,0,0,0,0,0,0.625,1
www.vanessajanemaldonado.com//wp-content/wp.secure.php,10000000,0,0,3,175,177,0,0,0,0,0,0.805128,1
docs.google.com/a/airtelmail.in/spreadsheet/viewform?formkey=dGt3aG9PNXdhekNLNzZoZ1h2TUFmTUE6MQ,1,1,1,8,153.5,155.625,0.04211,0.044363,0.039474,0.04346,0.886969,0.790731,1
'www.gestion-des-impayes.com/visuel.php?param=iK1/I3EkRQjb1KxExSxoEkRQjb1KwEibjkbvI/EkRQjb1KxESFFSEkRQjb1KwEiQI3bi3EkRQjb1KxErSCorxCrEkRQjb1KwE3sk/lPbY/EkRQjb1KxExEkRQjb1KwE1glibjkb vI/EkRQjb1KxESFFS',10000000,0,0,12,38.916667,40.583333,0,0,0,0,0,0.870588,1
elshadayeletronicos.com/abn-amro/identification/,10000000,0,0,3,19.666667,17,0,0,0,0,0,0.746032,1
www.sisimtel.com.mx/ecommerce/images/.../freebank/myposte/index.html?MfcISAPICommand=SignInFPP&UsingSSL=1&email=&userid=,10000000,0,0,13,429.538462,516.846154,0,0,0,0,0,0.738694,1
www.stacksofplaques.net/catalog/images/.banners/index.php,10000000,0,0,5,141,142.6,0,0,0,0,0,0.815621,1
numberoneclubbombastic.com/wp-includes/js/actualizare.php?cmd=_login-run&dispatch=5885d80a13c0db1f1ff80d546411d7f84f1036d8f209d3d19ebb6f4eeec8bd0e2664736d79a9e4e99b7f2380234457562664736d79a9e4e99b7f238023445756,10000000,0,0,7,190.857143,198.428571,0,0,0,0,0,0.847458,1
contact-verified-information.net/en-ligne-verifie-verifiedbyvisa-eu-informations_lu/perso.php,10000000,0,0,8,91.75,91.125,0,0,0,0,0,0.821918,1
leuie.5gbfree.com/index.html,47798,0,0,2,179,181.5,0,0,0,0,0,0.811558,1
ntcrulz.5gbfree.com/fb/,47798,0,0,0,0,0,0,0,0,0,0,0,1
rsaxena.5gbfree.com/facebook.html,47798,0,0,2,560,577.5,0,0,0,0,0,0.864754,1
steamcommunity-giveaway.my3gb.com,51908,1,0,0,0,0,0,0,0,0,0.666667,0,1
steamglfts.h16.ru,133305,1,0,0,0,0,0,0,0,0,0.9,0,1
steamglfts.hut2.ru/,10000000,1,0,0,0,0,0,0,0,0,0,0,1
vinzajah.5gbfree.com/login.php,47798,0,0,2,592.5,623,0,0,0,0,0,0.867127,1
vk-krasota.hut2.ru,10000000,1,0,0,0,0,0,0,0,0,0,0,1
bellicapelliweb.it/libraries/domit/webscr/webscr.html?cmd=5885d80a13c0db1f22d2300ef60a67593b79a4d03747447e6b625328d36121a1904f6e09d7fc404feaee06547b2c8274904f6e09d7fc404feaee06547b2c8274,10000000,0,0,6,132.333333,129.666667,0,0,0,0,0,0.733186,1
vk-psich.hut2.ru,10000000,1,0,0,0,0,0,0,0,0,0,0,1
uvb.lg.ua/templates/a216/.PayPaI/fd60358464c1f6411c44e5bf6e28ff0c/,10000000,1,0,2,37.5,39.5,0,0,0,0,0,0.711111,1
mmilogistics.net/preview/bin/ssl/_id/www.paypal.com/fr/cgi-bin/webscr/cmd=_registration-run/,10000000,0,0,13,84.384615,79.692308,0,0,0,0,0,0.692857,1
mmilogistics.net/preview/bin/ssl/_id/www.paypal.com/fr/cgi-bin/webscr/cmd=_registration-run,10000000,0,0,13,84.384615,79.692308,0,0,0,0,0,0.692857,1
vklife.hut2.ru,10000000,1,0,0,0,0,0,0,0,0,0,0,1
docs.google.com/spreadsheet/viewform?formkey=dGxqZEI0eTB5N0lzMC1EbUdKdmRUamc6MQ,1,1,1,6,71.166667,78.666667,0.028235,0.032239,0.027365,0.031432,0.886969,0.696226,1
sysgo.com.ve/shop/modules/sendtoafriend/smg/index.html,10000000,0,0,7,104.285714,104.571429,0,0,0,0,0,0.813896,1
wlservices.fr/css/webscr.php?cmd=_login-run&dispatch=5885d80a13c0db1f1ff80d546411d7f84f1036d8f209d3d19ebb6f4eeec8bd0e58f68c371b0c6dfb0c971e2b6492d5d658f68c371b0c6dfb0c971e2b6492d5d6,816255,0,0,8,242.125,247.875,0,0,0,0,0,0.820715,1
informationconcernant.x11s.org/verifier/etap1.html?u=xwww.visaeurope.fr/espace-client/mes-donnees-personnelles?rpsnv,182481,1,0,12,71.083333,69.666667,0,0,0,0,0.666667,0.794899,1
tinyurl.com/bsebhuz,656,1,1,2,22,16,0,0,0,0,0.44,0.652174,1
www.boat-importers-australia.com.au/wp-includes/css/service.htm,10000000,0,0,4,126.25,132,0,0,0,0,0,0.762799,1
www.scarboroughmechanical.com/irs/,10000000,0,0,1,74,58,0,0,0,0,0,0.483146,1
paypal.co.uk.online.aacounts.updates.internet.service.electro-obras.com.pe/webscr.php?cmd=_login-,10000000,0,0,10,494.3,518.2,0,0,0,0,0,0.866015,1
www.udc.an/wp-includes/js/tinymce/themes/advanced/img/link.htm,10000000,1,0,7,44.142857,40.285714,0.003021,0.003289,0.003115,0.003401,0.565217,0.683761,1
paypal.com.us.cgi.bin.webscr.cmd.login-submit.dispatch.5885d80a13c0db1f8e263663d3faee8d7283e7f0184a5674430.f290db9.e9c846.588412.bandarepudio.com.br/rex/secure-code165/security/,10000000,0,0,14,162.642857,165,0,0,0,0,0,0.778596,1
home.comcast.net/~cfallows1/ISAPIdllCustomerSupport&ambaybuyerprotectionpoliciesindex4.html.draft,183,1,1,10,78.8,82.4,0.005882,0.00678,0.004884,0.005855,0.522388,0.714894,1
secure.pay-pal-comfort.de/index.php?cmd=secure&amp;CONNECTION=HAhadu489DHajdjahhUh73ad5XqhkH4kgWqMwwO6m2fkG04qTb4Yeaufcq&amp;pay-pal=50a222a5775345a3d7b60623adasde0b7e69bf0224adecfb0124e9b61f737b353575a38b40b7ec79a0179e3b8dasdadf35,10000000,0,0,11,76.545455,76.636364,0,0,0,0,0,0.726434,1
sz7i.com/paypal.com.au.q/webscr.html?cmd=SignIn&co_partnerId=2&pUserId=&siteid=0&pageType=&pa1=&i1=&bshowgif=&UsingSSL=&ru=&pp=&pa2=&errmsg=&runameMessage-ID:,10000000,0,0,17,91.823529,91.764706,0,0,0,0,0,0.717666,1
paypal-online.de/index.html?paypal-scure=connection&amp;sessionnr=uadhjahu4hbaBa6dtGGdazgh46D&amp;A6asgdad6Gd6AGSdAGdg7agd7ga7sd64g3&amp;secure=8a8sduuh4aDASdhuehDAdh7h3JAHDAShd3hHJjadsjha-paypal-deJahsdajsdhj3hjasbBJABdj,10000000,0,0,19,37.789474,34.105263,0,0,0,0,0,0.733503,1
secure.pay-pal-comfort.de/index.php?paypal=safe&amp;connection=83ahdJahdhhsuaduazTZasdhgH-pay-pal.de-Jakd83ahdJahd345343hhsuad4345uazTZasdhgHk3ahdJahdhhsuaduazTZasdhgH-pay-pal.de-Jakd83ahdJahd345343hhajs,10000000,0,0,13,69.076923,68.692308,0,0,0,0,0,0.752446,1
artofrodnymella.com/soc/userinfo/,10000000,0,0,2,18.5,11,0,0,0,0,0,0.552632,1
paypal.com.us.cgi.bin.webscr.cmd.login.submit.bx3digitallp.com/Review/56a56d0c72ca057b293ee8964b9d13be/,10000000,0,0,9,175,173.888889,0,0,0,0,0,0.77101,1
www.paypal.com.uscgi-bin.webscr.cmd.login-submit.dispatch.97c8e6d0d14f43b296fdbdb6189c802954b1267956048.suenacristo.com/64208031cb708813b3d774f3c7f098a3/,10000000,0,0,11,152.636364,151.272727,0,0,0,0,0,0.781034,1
paypal.com.us.cgi.bin.webscr.cmd.login.member.verifed.interhottap.com.mx/54855458214/ec3c38df1b6f9e413ed3d6dcb693d36d/,10000000,0,0,9,172.222222,170.777778,0,0,0,0,0,0.779251,1
bridge-afrik.com/soc/userinfo/,10000000,0,0,2,18.5,11,0,0,0,0,0,0.552632,1
www.vis-ph.com/wp-admin/maint/index.html?section=signinpage&amp;=&amp;cookiecheck=yes&amp;=nba/signin,10000000,0,0,12,82.75,77.083333,0,0,0,0,0,0.721724,1
www.koumuzik.org/ulk/templates/ja_larix/ja_menus/ja_moomenu/img/security/c0773f49e8c56ca3846febc55a576a83/,10000000,0,0,7,44,45.428571,0,0,0,0,0,0.743733,1
tom-burns.com/absa_better_returng/index.php,10000000,0,0,3,176.666667,185,0,0,0,0,0,0.82968,1
paypal.com.cgi.bin.webscr.cmd.login.submit.dispatch.5885d80a13c03faee8dcbcd55a50598f04d34b4bf5tt1.mediareso.com/secure-code10/security/,10000000,0,0,13,173.230769,176.076923,0,0,0,0,0,0.781483,1
paypal.com.cgi.bin.webscr.cmd.login.submit.dispatch.5885d80a13c03faee8dcbcd55a50598f04d34b4bf5tt1.mediareso.com/,10000000,0,0,10,156.7,154.3,0,0,0,0,0,0.778159,1
www.emotionalvirtue.com/paypal.com.login-submit.dispatch.588235d80a13c0db1f8e263663d3faee8d43b1bb6ca6e/secure-code203/security/,10000000,0,0,8,211.75,218.625,0,0,0,0,0,0.808298,1
www.emotionalvirtue.com/paypal.com.login-submit.dispatch.588235d80a13c0db1f8e263663d3faee8d43b1bb6ca6e/,10000000,0,0,5,201.8,200.6,0,0,0,0,0,0.824116,1
jennys.com.bd/Information/login.php,10000000,1,0,3,411.333333,431.666667,0,0.000763,0,0.000763,0.941176,0.867799,1
www.paypai.com-service.confirm.cgi-bin.w2bscr-cmd.login.submit.new-load.5885d80a13c0db1f8e263663d3faee8dcbcd55a50598f.agled.com.ar/paypai-login/service/dir.php,10000000,0,0,16,174.375,181.0625,0,0,0,0,0,0.799114,1
www.paypai.com-service.confirm.cgi-bin.w2bscr-cmd.login.submit.new-load.5885d80a13c0db1f8e263663d3faee8dcbcd55a50598f.agled.com.ar/paypai-login/service/Limit15/,10000000,0,0,15,154.866667,161.266667,0,0,0,0,0,0.781367,1
www.paypai.com-service.confirm.cgi-bin.w2bscr-cmd.login.submit.new-load.5885d80a13c0db1f8e263663d3faee8dcbcd55a50598f.agled.com.ar/paypai-login/service/Restart.php,10000000,0,0,16,176.625,183.375,0,0,0,0,0,0.796071,1
www.danatranslation.com/modules/pp/,10000000,0,0,1,19,17,0,0,0,0,0,0.714286,1
www.remisereduc.com/test/ssi/webscr.php?cmd=_login-run&dispatch=5885d80a13c0db1f1ff80d546411d7f84f1036d8f209d3d19ebb6f4eeec8bd0e0ec384b985d8255691b6e0e8c08646a70ec384b985d8255691b6e0e8c08646a7,10000000,0,0,9,258.444444,268.888889,0,0,0,0,0,0.812834,1
paypal.com.cgi-bin.login1589114111g859f.sonreir.cl/paypal/2/26331542f170e682e1bbdc535bedbb6b/webscr.html?cmd=5885d80a13c0db1f22d2300ef60a67593b79a4d03747447e6b625328d36121a16e133dc34bbf944d0054e13621ea39f76e133dc34bbf944d0054e13621ea39f7,10000000,1,0,8,130,124.125,0,0,0,0,0.769231,0.718512,1
www.danatranslation.com/modules/pp/secure-code4/security/login.php,10000000,0,0,6,314.833333,334.833333,0,0,0,0,0,0.838679,1
eu.battle.net.login.zh-gvk.in/login.html?app=wam&amp;ref=www.worldofwarcraft.com/account/&amp;eor=0&amp;app=bam/,10000000,0,0,14,177.285714,180.357143,0,0,0,0,0,0.768008,1
eu.battle.net.login.zh-gvk.in/login.html?app=wam&ref=www.worldofwarcraft.com/account/&eor=0&app=bam/,10000000,0,0,13,187.769231,192.153846,0,0,0,0,0,0.768349,1
paypal.com.cgi-bin.login1589114111g859f.sonreir.cl/paypal/2/26331542f170e682e1bbdc535bedbb6b/,10000000,1,0,4,77.25,67.25,0,0,0,0,0.769231,0.651429,1
www.vis-ph.com/wp-admin/maint/index.html?section=signinpage&amp;amp;=&amp;amp;cookiecheck=yes&amp;amp;=nba/signin,10000000,0,0,12,82.75,77.083333,0,0,0,0,0,0.721724,1
hjftgggtjtttttuyrjtjt6ju6u6u6yu6.4ove.com/,46818,0,0,0,0,0,0,0,0,0,0,0,1
cloud-tech.in/img/es/paypalworldwide.INC/cgi-bin/webscrcmd=_login-run/webscrcmd=_account-run/updates-paypal/confirm-paypal/,10000000,0,0,14,132.5,132.785714,0,0,0,0,0,0.784719,1
paypal.com.tn.cgi.bin.webscr.cmd.login-submit.dispatch.455637489933857729095340593759035457667878187.espinakeitor.cl/paypal.html,10000000,0,0,11,166.545455,164.636364,0,0,0,0,0,0.797237,1
informationconcernant.x11s.org/verifier/etap1.html?u=xwww.visaeurope.fr/espace-client/mes-donnees-personnelles?rpsnv=,182481,1,0,12,71.083333,69.666667,0,0,0,0,0.666667,0.794899,1
www.uhcocottes.com/wp-content/languages/webscr.php?cmd=_login-run&dispatch=5885d80a13c0db1f1ff80d546411d7f84f1036d8f209d3d19ebb6f4eeec8bd0e78c5d983e619978f1001d90f10e9c70d78c5d983e619978f1001d90f10e9c70d,10000000,0,0,9,201.666667,205.222222,0,0,0,0,0,0.811974,1
eurovis.altervista.org/login,602,1,1,1,748,786,0,0.001242,0,0.001248,0.8,0.859394,1
www.egitimogretimci.com/wp-admin/images/screenshots/index.htm,10000000,0,0,5,55.2,50.8,0,0,0,0,0,0.726384,1
www.fill-1.ru/media/system/images/sec-fr/Processing.php?cmd=_Processing&dispatch=5885d80a13c0db1fb6947b0aeae66fdbfb2119927117e3a6f876e0fd34af43651fd874a08cbf0626afe4dc136c3524ab1fd874a08cbf0626afe4dc136c3524ab,10000000,0,0,8,143.75,149.75,0,0,0,0,0,0.795107,1
ecatreviews.com//wp-includes/images/boomzz.html,10000000,0,0,4,105.5,102,0,0,0,0,0,0.844444,1
randexpr.com/css/123659854/125689545/security/login.php,10000000,0,0,4,390.25,409.75,0,0,0,0,0,0.856148,1
randexpr.com/css/123659854/12568954120/security/login.php,10000000,0,0,4,390.25,409.75,0,0,0,0,0,0.856148,1
www.emotionalvirtue.com/paypal.com.login-submit.dispatch.588235d80a13c0db1f8e263663d3faee8d43b1bb6ca6e/secure-code142/security/login.php,10000000,0,0,9,236.777778,245.444444,0,0,0,0,0,0.825831,1
paypal.com.cgi.bin.webscr.cmd.login.submit.dispatch.5885d80a13c03faee8dcbcd55a50598f04d34b4bf5tt1.mediareso.com/secure-code4/security/login.php,10000000,0,0,14,192.071429,196.357143,0,0,0,0,0,0.806645,1
www.paypal.com.cgi-bin.webscr.dispatch.654a651951c965198e4195132321c9849a.6516c5132132e13516c9851616e51651d32.65a1651c321321321321.056516e56516e519849a1.bigmikestyles.com/update/,10000000,0,0,9,109.444444,105,0,0,0,0,0,0.692982,1
www.paypal.com.cgi-bin.webscr.cmd.login-submit.dispatch.5885d80a13c0d36.63d3fae3e7f0184a.5674f290db9e9c846.mathieu-robert.com/,10000000,0,0,11,152.636364,151.272727,0,0,0,0,0,0.781034,1
scur.paypal.info.update.65rth46e5rg3w1erf65gwer4g5r4g65.rg6e5rger51g3w51e5gweg12e3wf1w.g1w5e6g1t321h5y1h.rth15y1h3r2t1h5561h.1h55132we1r5q1w5d1qw.q15frqf21er5g435g1er25g14ewg.g231g515212ewf4w5fqef.1rg45er2g1w.eurofibre-engineering.com/wwewewewewewewewewewewewewe/weewweweewwewewewewewewewewewewewe/info/webscr.php?cmd=_login-run&amp;dispatch=5885d80a13c0db1f1ff80d546411d7f8a8350c132bc41e0934cfc023d4e8f9e5f58eee485ff1e6726bf951ad6c0218bbf58eee485ff1e6726bf951ad6c0218bb,10000000,0,0,14,152.214286,153.428571,0,0,0,0,0,0.79639,1
www.halimshop.com/include/custom/verified/us/Full/info/a7a/paypal/@/sp3ki5/Adeek.com/password.htm,10000000,0,0,10,63.1,60.8,0,0,0,0,0,0.68114,1
agendasanjuan.com/webmaster/webmaster/online/PayPal.com-cgi-/,10000000,0,0,5,601.2,630.4,0,0,0,0,0,0.860423,1
'nicolecustodio.com.br/paypal\%20us/webscr.htm?cmd=_login-run&amp;dispatch=5885d80a13c0db1f998ca054efbdf2c29878a435fe324eec2511727fbf3e9efcd8',493313,0,0,9,160.777778,160.222222,0,0,0,0,0,0.780037,1
up.heliohost.org/54T4N45/up,46265,1,0,0,0,0,0,0,0,0,0.666667,0,1
up.heliohost.org/54T4N45/up/,46265,1,0,0,0,0,0,0,0,0,0.666667,0,1
www.foto-yama.kiev.ua/wp-content/uploads/2012/07/index.htm,10000000,1,1,5,55.6,53.6,0,0,0,0,0.722222,0.700935,1
reutregev.com/bin/updates/webscr.html?cmd=_login-run,10000000,0,0,8,204.25,208.75,0,0,0,0,0,0.794677,1
numberoneclubbombastic.com/wp-includes/pomo/information.php?cmd=_login-run&dispatch=5885d80a13c0db1f1ff80d546411d7f84f1036d8f209d3d19ebb6f4eeec8bd0e5c8c552a98a6876052ae4128977ce9205c8c552a98a6876052ae4128977ce920,10000000,0,0,8,178.125,183.875,0,0,0,0,0,0.841068,1
randexpr.com/css/123659854/125689545/security/,10000000,0,0,2,188,196.5,0,0,0,0,0,0.796729,1
randexpr.com/css/redirect/index.php,10000000,0,0,4,185.5,189.5,0,0,0,0,0,0.840491,1
www.gruposodexo.com/site/order/firstPreOrderStepOne.html,10000000,0,0,5,127,130,0,0,0,0,0,0.797203,1
mail.jayshreeindia.in/icons/cotetz/secure.regions.com/System/index.html,10000000,0,0,8,117.75,119.625,0,0,0,0,0,0.743802,1
mail.jayshreeindia.in/icons/cotetz/secure.regions.com/System/index.php,10000000,0,0,8,139.25,143.625,0,0,0,0,0,0.763835,1
senyo.com/old_aol.1.3/?Login=&amp;amp;amp;Lis=10&amp;amp;amp;LigertID=1993745&amp;amp;amp;us=1,10000000,1,0,5,162.2,165.6,0,0,0,0,0.857143,0.843645,1
onshun.hk/a/secure.paypal.com.us.cgi-bin.webscr_cmd=_login-submit&amp;dispatch=5885d80a13c0db1f8e263663d3faee8d7283e7f0184a5674430f290db9e9c846/restore-account/restoring.php,10000000,0,0,14,129.142857,129,0,0,0,0,0,0.81608,1
docs.google.com/spreadsheet/viewform?formkey=dGdieTRJdWpOSzIwcGwtQ2MxdzA4aFE6MQ,1,1,1,6,71.166667,78.666667,0.028235,0.032239,0.027365,0.031432,0.886969,0.696226,1
tinyurl.com/cq2yvst,656,1,1,1,0,0,0,0,0,0,0.44,0,1
users11.jabry.com/reased/Gmail.html,56829,0,0,3,349.333333,342.333333,0,0,0,0,0,0.851026,1
www.emailformwizard.com/form.php?id=14339,10000000,0,0,2,299.5,316.5,0,0,0,0,0,0.855422,1
paypal.cgi.bin.get-into.herf.secure.dispatch35463256rzr321654641dsf6543218747841hjk41231.propiedadesallende.cl/get-into/get-into/228eaa4661a4e10eef24b068ad81c219/wbsccr.htm?cmd=_Processing&amp;dispatch=5885d80a13c0db1fb6947b0aeae66fdbfb2119927117e3a6f876e0fd34af4365f659688b40da34ba9cae26e54859a986f659688b40da34ba9cae26e54859a986,10000000,0,0,14,44.285714,37.571429,0,0,0,0,0,0.682819,1
p3green.com/pp/Gx55AA011055_ssh/n=1057923584&amp;fid=5c8a45349a8427f921358a42650ce4b/rd0306sv0v0xxx25_DosIgn_ssl=cgi_025553/,10000000,0,0,3,19.666667,14.333333,0,0,0,0,0,0.619048,1
www.edyshsdf32.hut4.ru/Redirecionamento.html?#,118554,0,0,3,125.666667,129.666667,0,0,0,0,0,0.810875,1
www.mundodelespanol.com/wp-content/themes/twentyeleven/tesco/tesco/login.htm,10000000,0,0,7,141.142857,138.285714,0,0,0,0,0,0.822926,1
paypal.cgi.bin.get-into.herf.secure.dispatch35463256rzr321654641dsf6543218747841hjk41231.propiedadesallende.cl/get-into/get-into/c5b40493765454a2a8f81410db15a629/wbsccr.htm?cmd=_Processing&dispatch=5885d80a13c0db1fb6947b0aeae66fdbfb2119927117e3a6f876e0fd34af436574ef117fe2e51abf4443a5dd0eac768774ef117fe2e51abf4443a5dd0eac7687,10000000,0,0,13,44.538462,38.384615,0,0,0,0,0,0.687011,1
studentfii.ro/helen/.de/webscr.php?cmd=_login-run&dispatch=5885d80a13c0db1f1ff80d546411d7f84f1036d8f209d3d19ebb6f4eeec8bd0e6127af7192990a60a534b5295e08d3106127af7192990a60a534b5295e08d310;,10000000,0,0,8,222.75,228.75,0,0,0,0,0,0.814164,1
senyo.com/old_aol.1.3/?Login=&Lis=10&LigertID=1993745&us=1,10000000,1,0,4,192.5,200.25,0,0,0,0,0.857143,0.854782,1
tvzoetermeer.nl/wp-content/via.php?Korbin.Mckinney,10000000,0,0,5,117.4,121.8,0,0,0,0,0,0.795796,1
studentfii.ro/helen/.de/webscr.php?cmd=_login-run&amp;dispatch=5885d80a13c0db1f1ff80d546411d7f84f1036d8f209d3d19ebb6f4eeec8bd0e6127af7192990a60a534b5295e08d3106127af7192990a60a534b5295e08d310;,10000000,0,0,9,202.555556,206.333333,0,0,0,0,0,0.811024,1
www.paypal-com.uni.me/update/security/profile/index.php,5757,1,0,6,162.166667,172.333333,0,0.000864,0,0.001729,0.712329,0.796777,1
dazzletechnologies.com/fckeditor/editor/images/smiley/msn/paypalworldwide.INC/cgi-bin/webscrcmd=_login-run/webscrcmd=_account-run/updates-paypal/confirm-paypal/,10000000,0,0,18,131.5,127.388889,0,0,0,0,0,0.779985,1
teknocin.net/mobil/northrock.htm,10000000,0,0,4,82.75,79.75,0,0,0,0,0,0.679587,1
paypal.cgi.bin.get-into.herf.secure.dispatch35463256rzr321654641dsf6543218747841hjk41231.propiedadesallende.cl/get-into/get-into/c5b40493765454a2a8f81410db15a629/wbsccr.htm?cmd=_Processing&amp;dispatch=5885d80a13c0db1fb6947b0aeae66fdbfb2119927117e3a6f876e0fd34af436574ef117fe2e51abf4443a5dd0eac768774ef117fe2e51abf4443a5dd0eac7687,10000000,0,0,14,44.285714,37.571429,0,0,0,0,0,0.682819,1
83271paypal1081.teas111.com/LiiP8iwnZW.php?WuDo5gY9pONmFa7YAqRMINRRtCewP4usJ7hDCNJXGhv5AFjlT6zwzI10M1HhmQc3Q5H2GoUe85Saya2bNdeuT9997WvMdPSefIRR,10000000,0,0,7,62.428571,65.714286,0,0,0,0,0,0.853306,1
paypal.com.cgi-bin.login1589114111g859f.sonreir.cl/paypal/2/2c9ef6b6de2f15804ee1ba5217a399df/webscr.html?cmd=5885d80a13c0db1f22d2300ef60a67593b79a4d03747447e6b625328d36121a1e16103c2cf580f5d0f83abb5d22a2c44e16103c2cf580f5d0f83abb5d22a2c44,10000000,1,0,8,130,124.125,0,0,0,0,0.769231,0.718512,1
paypal.com.cgi-bin.login1589114111g859f.sonreir.cl/paypal/2/be9483d24fb9d36353b82bf3e9868181/webscr.html?cmd=5885d80a13c0db1f22d2300ef60a67593b79a4d03747447e6b625328d36121a1a8a7d3e45cc7930ff7e377995e62f771a8a7d3e45cc7930ff7e377995e62f771,10000000,1,0,8,130,124.125,0,0,0,0,0.769231,0.718512,1
paypal.com.cgi-bin.login1589114111g859f.sonreir.cl/paypal/2/update/webscr.html?cmd=5885d80a13c0db1f22d2300ef60a67593b79a4d03747447e6b625328d36121a15c5b4f769ef39c03a85843d086d33e6d5c5b4f769ef39c03a85843d086d33e6d,10000000,1,0,9,126.777778,121.888889,0,0,0,0,0.769231,0.720215,1
www.scahufcn5486.hut4.ru/Simplesmente/index.html,118554,0,0,4,120.5,123.75,0,0,0,0,0,0.792661,1
salaryof.com/cgi-bin.webscr.cmd.login-submit.dispatch.5885d80a13c0db1.8e2636.63d3fae.8db2b24f7b84f1819343fd6c338b1d9d60.6/us/webscr.htm?cmd=_login-run&amp;dispatch=5885d80a13c0db1f998ca054efbdf2c29878a435fe324eec2511727fbf3e9efcd8,10000000,0,0,11,135.454545,134.818182,0,0,0,0,0,0.772809,1
israeltenniscenters.com/LTD-US/en/.www2.paypalcom/us/cgi-bin/1/webscr/cmd=_login-submit.php,10000000,0,0,11,174.727273,178.454545,0,0,0,0,0,0.821378,1
paypal.com.cgi-bin.login1589114111g859f.sonreir.cl/paypal/2/,10000000,1,0,4,77.25,67.25,0,0,0,0,0.769231,0.651429,1
paypal.com.cgi-bin.login1589114111g859f.sonreir.cl/paypal/2/update/,10000000,1,0,5,82,74.6,0,0,0,0,0.769231,0.673077,1
paypal.com.cgi-bin.login1589114111g859f.sonreir.cl/paypal/2/be9483d24fb9d36353b82bf3e9868181/,10000000,1,0,4,77.25,67.25,0,0,0,0,0.769231,0.651429,1
paypal.com.cgi-bin.login1589114111g859f.sonreir.cl/paypal/2/1.php,10000000,1,0,5,149.2,145.8,0,0,0,0,0.769231,0.77497,1
paypal.com.cgi-bin.login1589114111g859f.sonreir.cl/paypal/2/cde4c901de000d2a9ebcde641e4f31d8/webscr.html?cmd=5885d80a13c0db1f22d2300ef60a67593b79a4d03747447e6b625328d36121a19c9dea0474e6d3e7f0bcdac2284bb0f89c9dea0474e6d3e7f0bcdac2284bb0f8,10000000,1,0,8,130,124.125,0,0,0,0,0.769231,0.718512,1
www.panda-forumx.tk/login.asp?ref=us.battle.net/account/management/index.xml&amp;app=bam,10000000,0,0,12,160.75,162.5,0,0,0,0,0,0.776099,1
www.panda-forumx.tk/login.asp?ref=us.battle.net/account/Fmanagement/index.xml&amp;app=bam,10000000,0,0,12,160.75,162.5,0,0,0,0,0,0.776099,1
www.battle.com.2fwow.net/login/en/?3Fref=eu.battle.net/account/management/wow/dashboard.html?region=US&amp;accountName=EBALEKINA&amp;app=bam&amp;cr=true&amp;mailid=ZC3026-KgTiTL9pNSjB_3k2sxEIT26&amp;spam,10000000,0,0,21,163.095238,165.333333,0,0,0,0,0,0.81787,1
paypal.com.us.cgi.bin.webscr.cmd.login.member.verifed.aromasdosul.com/54855458214/856583930f908bce0f2e2b3ba40ed03d/,10000000,0,0,9,172.222222,170.777778,0,0,0,0,0,0.779251,1
paypal.com.us.cgi.bin.webscr.cmd.login.member.verifed.aromasdosul.com/54855458214/8e97c389aaebc654c70ac30c4cce79a1/,10000000,0,0,9,172.222222,170.777778,0,0,0,0,0,0.779251,1
www.horsetreats.com/.service.e.paypal.com/us/cgi-bin/webscr.htm?cmd=_login-run,10000000,0,0,11,173.363636,175.636364,0,0,0,0,0,0.76831,1
www.panda-forumx.tk/login.asp?ref=us.battle.net/account/Fmanagement/index.xml&app=bam,10000000,0,0,11,171.636364,174.818182,0,0,0,0,0,0.778348,1
www.torstash.com/old_aol.1.3/?Login=&Lis=10&LigertID=1993745&us=1,10000000,0,0,4,192.5,200.25,0,0,0,0,0,0.854782,1
shylands.com/old_aol.1.3/?Login=&Lis=10&LigertID=1993745&us=1,10000000,0,0,4,192.5,200.25,0,0,0,0,0,0.854782,1
praic.com/old_aol.1.3/?Login=&Lis=10&LigertID=1993745&us=1,10000000,1,0,4,192.5,200.25,0,0,0,0,0.75,0.854782,1
www.battle.com.2fwow.net/login/en/?3Fref=eu.battle.net/account/management/wow/dashboard.html?region=US&accountName=EBALEKINA&app=bam&cr=true&mailid=ZC3026-KgTiTL9pNSjB_3k2sxEIT26&spam,10000000,0,0,20,169.2,172.25,0,0,0,0,0,0.818642,1
www.driveways-som.com/old_aol.1.3/?Login=&Lis=10&LigertID=1993745&us=1,10000000,0,0,4,192.5,200.25,0,0,0,0,0,0.854782,1
www.panda-forumx.tk/login.asp?ref=us.battle.net/account/management/index.xml&app=bam,10000000,0,0,11,171.636364,174.818182,0,0,0,0,0,0.778348,1
sepakbolaonline.com/wp-content/themes/redcarpet-3.0.6/sec/ibank.ib.nab.com.au/,10000000,0,0,8,189.875,190.75,0,0,0,0,0,0.736032,1
www.waxholdings.us.ms/,10000000,0,0,0,0,0,0,0,0,0,0,0,1
cadastre.orgfree.com/perfilbb.php,31523,1,0,2,225,235,0,0,0,0,0.25,0.84739,1
cadastre.orgfree.com//PortalSeguro/BB/,31523,1,0,1,0,0,0,0,0,0,0.25,0,1
inetserv.visa.com.ar.php53-23.ord1-1.websitetestlink.com/visa.php,15502,0,0,5,152.4,147.2,0,0,0,0,0,0.762353,1
www.physics2u.org/templates/beez/css/a1/index.html,10000000,0,0,5,125.6,126.2,0,0,0,0,0,0.829942,1
www.physics2u.org/templates/beez/css/a1/,10000000,0,0,3,90,89.333333,0,0,0,0,0,0.823729,1
www.easymarketing.hu/wp-includes/images/paypal/paypal/us/error_login.html,10000000,0,0,6,224.666667,230.166667,0,0,0,0,0,0.855201,1
www.oasisbucaramanga.org/portal/templates/beez/css/e5/Atualizar_Dados.php?confirmando,10000000,0,0,8,328.125,448.375,0,0,0,0,0,0.629591,1
www.oasisbucaramanga.org/portal/templates/beez/css/e5/confirmando.html,10000000,0,0,7,350.428571,485,0,0,0,0,0,0.614578,1
www.minnesotairish.com/v-web/northrock.htm,10000000,0,0,4,175.5,175.75,0,0,0,0,0,0.668646,1
pyuthansamachar.com/np/Paypal_Virefication/741f85e09681ab7d07cdbad92235ec1e/webscr.php,10000000,0,0,5,175.4,179,0,0,0,0,0,0.772,1
passivemobilemoneymachine.com/Paypal_Virefication/ec36a303cacf405c4559c9d1cc4bb60a/,10000000,0,0,2,0,0,0,0,0,0,0,0,1
passivemobilemoneymachine.com/Paypal_Virefication/4d884989290116285908cd3a044421a6/webscr.php?cmd=_login-run&dispatch=5885d80a13c0db1f1ff80d546411d7f8a8350c132bc41e0934cfc023d4e8f9e5,10000000,0,0,9,194.666667,200.333333,0,0,0,0,0,0.813776,1
www.egitimogretimci.com//wp-admin/images/screenshots/index.htm,10000000,0,0,5,55.2,50.8,0,0,0,0,0,0.726384,1
popgoesthehome.com/wp-content/upgrade/jan.php,10000000,0,0,4,153.75,154.75,0,0,0,0,0,0.825444,1
sgipromis.com/phpFormGenerator/forms/form1.html,10000000,0,0,4,369.25,426.75,0,0,0,0,0,0.734205,1
www.rrp-mfg.com/bin/,10000000,0,0,1,50,51,0,0,0,0,0,0.655738,1
technicalsuport-admin.tk/,10000000,0,0,0,0,0,0,0,0,0,0,0,1
pichincha.polnet-computer.com/internexo/jsp/loginbiometrico/loginBiometrico.jsp,10000000,0,0,6,145,145.666667,0,0,0,0,0,0.843552,1
senyo.com/old_aol.1.3/?Login=&amp;amp;Lis=10&amp;amp;LigertID=1993745&amp;amp;us=1,10000000,1,0,5,162.2,165.6,0,0,0,0,0.857143,0.843645,1
vendez1site.com/includes/install/1fa21b5beb49f1908ecd410b63cb756d/,10000000,0,0,2,116.5,118.5,0,0,0,0,0,0.88,1
pichincha.polnet-computer.com/internexo.html/,10000000,0,0,3,104.666667,99.333333,0,0,0,0,0,0.816024,1
frankieandlola.com.au/plugins/xmlrpc/tesco.php,10000000,0,0,4,137,133.5,0,0,0,0,0,0.818487,1
hrpp.org.ws/form/TAMCOMEMAIL/,10000000,1,0,2,81,86.5,0,0,0,0,0.5,0.753927,1
promocaomembertamfidelidade.tk/,10000000,0,0,0,0,0,0,0,0,0,0,0,1
member.paypal.com.cgi.bin.webscr.cmd.flow.session.lohzumu98pjkwkwudgtj3ie6btlub.online775885d80a13c0db1f8e263663d3faee8d43b1bb6ca3ufquez.befemelle.com/4064a728969477a1453f3a293537d15c/,10000000,0,0,14,67.285714,61.5,0,0,0,0,0,0.666359,1
thedoorfellowship.com/joomla.php,10000000,0,0,2,287,304.5,0,0,0,0,0,0.865931,1
affiliatemoneymakingsoftware.com/uploads/Trulia/index.htm,10000000,0,0,4,34.25,32,0,0,0,0,0,0.666667,1
paypal.com.uscgi-bin.webscr.cmd.login-submit.dispatch.97c8e6d0d14f43b296fdbdb6189c802954b1267956048.suenacristo.com/1df7b1f86929fcc7b85786b7083577ad/,10000000,0,0,10,156.7,154.3,0,0,0,0,0,0.778159,1
steveathighlandscounty.com/upgrade/uploads/login/Trulia/index.htm,10000000,0,0,6,152.166667,156.666667,0,0,0,0,0,0.832839,1
www.sec.gov/edgar.shtml,6396,1,1,2,16,15,0.0375,0.025316,0.016667,0,0.509434,0.55,0
www.taxsites.com/associations2.html,756303,0,0,2,141.5,142.5,0,0,0,0,0,0.856209,0
www.crescan.com/pakistanicma/,10000000,1,0,2,17,15,0,0,0,0,0,0.6,0
www.ficpa.org/content/home.aspx,932789,1,0,3,178,188,0,0,0,0,0.666667,0.753994,0
pacioli.loyola.edu/aecm/,96561,1,0,1,33,21,0,0,0,0,0.85,0.542857,0
www.financialaccounting.com/financialprof.htm,10000000,0,0,3,44.666667,45.333333,0,0,0,0,0,0.698113,0
www.nattax.com/california.htm,10000000,0,0,2,85,90,0,0,0,0,0,0.832461,0
www.continuingeducation.net/schedule.php?profession=Accountants,10000000,0,0,4,187.5,200.25,0,0,0,0,0,0.829009,0
exinfmvs.securesites.net/training/,31046,1,0,1,164,176,0,0,0,0,0.5,0.868132,0
corporate.smartpros.com/education/education.html,355276,0,0,2,177.5,188,0,0,0,0,0,0.822943,0
www.calcpa.org/Content/foundation.aspx,348491,1,0,3,38.333333,35,0.016807,0.018349,0.008547,0.009346,0.5,0.692308,0
www.straffordpub.com/content/accounting,10000000,0,0,2,50.5,42.5,0,0,0,0,0,0.690909,0
www.byuaccounting.net/mediawiki,10000000,0,0,1,23,19,0,0,0,0,0,0.826087,0
www.kpmg.com/cn/en/,14496,1,0,0,0,0,0,0,0,0,0.631579,0,0
www.accountpro.net/en/int_e.htm,10000000,0,0,2,10.5,6.5,0,0,0,0,0,0.478261,0
indelhi.8m.com/pankaj/,10000000,1,0,1,12,11,0,0,0,0,0,0.642857,0
www.kpmg.com/pk/en/,14496,1,0,0,0,0,0,0,0,0,0.631579,0,0
singapore_aberdeen.tripod.com/mackenzie.html,1267,1,1,2,142.5,142,0,0.003279,0,0.003356,0.681818,0.847403,0
www.kpmg.com/sg/,14496,1,0,0,0,0,0,0,0,0,0.631579,0,0
www.tggweb.com/quast/,10000000,0,0,1,12,11,0,0,0,0,0,0.642857,0
www.kpmg.com/IE/,14496,1,0,0,0,0,0,0,0,0,0.631579,0,0
www.pwc.com/ca/,11034,1,0,0,0,0,0,0,0,0,0.526316,0,0
www3.telus.net/davidlin/,17874,1,1,2,230,233.5,0,0,0,0,0.678571,0.810547,0
webhome.idirect.com/~gmr/,10000000,1,0,1,15,14,0,0,0,0,0.916667,0.705882,0
www3.sympatico.ca/cpyndus,16422,1,1,1,13,12,0,0,0,0,0.772727,0.666667,0
www.taxspecialistgroup.ca/public/index.asp?site=cadesky,10000000,0,0,6,87.5,87,0,0,0,0,0,0.716393,0
www.deloitte.com/view/en_CA/ca/,6513,1,0,2,26,27,0,0,0,0,0.684211,0.514286,0
www.groupemca.com/indexen.html,10000000,0,0,2,179,181.5,0,0,0,0,0,0.811558,0
www.acsalaska.net/~meinel/index.html,894266,1,1,3,123.333333,124.666667,0,0,0,0,0.4,0.814634,0
www.lacourltd.com/index.htm,10000000,0,0,2,57,54,0,0,0,0,0,0.681818,0
www.accountingwebsite.com/marvin,10000000,0,0,1,22,26,0,0,0,0,0,0.655172,0
www.certifiedva.com/Kohn/,10000000,0,0,1,17,16,0,0,0,0,0,0.736842,0
www.execusite.com/blp-cpas/,10000000,0,0,2,14.5,13,0,0,0,0,0,0.774194,0
www.execusite.com/gjscollp/,10000000,0,0,2,26,21.5,0,0,0,0,0,0.637931,0
www.execusite.com/hlscpa/,10000000,0,0,1,0,0,0,0,0,0,0,0,0
www.execusite.com/baderjdcpa/,10000000,0,0,2,23,13.5,0,0,0,0,0,0.431373,0
www.silcom.com/~cyl/,797261,1,0,1,11,7,0,0,0,0,0.333333,0.384615,0
fso.cpasitesolutions.com/dfishercpa/,146081,0,0,2,29,21,0,0,0,0,0,0.515152,0
www.mastersidlow.com/index.html,10000000,0,0,2,179,181.5,0,0,0,0,0,0.811558,0
www.execusite.com/jajohnson/,10000000,0,0,1,69,73,0,0,0,0,0,0.797468,0
www.execusite.com/huttercpa/,10000000,0,0,2,22.5,14,0,0,0,0,0,0.46,0
www.cbiz.com/cbizmhm-topeka/,267871,1,0,3,15.333333,15,0.304348,0.311111,0.282609,0.288889,0.928571,0.857143,0
www.execusite.com/arbcpa/,10000000,0,0,2,28,18.5,0,0,0,0,0,0.52459,0
execusite.com/mstearns/,10000000,0,0,1,16,11,0,0,0,0,0,0.588235,0
www.execusite.com/jmvccpa,10000000,0,0,2,11,9.5,0,0,0,0,0,0.708333,0
cp3.cpasitesolutions.com/~cuneocpa/,146081,0,0,2,23.5,16,0,0,0,0,0,0.519231,0
www.execusite.com/weberthorson/,10000000,0,0,2,21,18,0,0,0,0,0,0.659574,0
www.klineco.com/index.html,10000000,0,0,2,179,181.5,0,0,0,0,0,0.811558,0
www.accountantsofficeonline.com/members/Trigi16815/,10000000,0,0,1,28,26,0,0,0,0,0,0.636364,0
home.earthlink.net/~mjeppy/,1104,1,1,1,7,4,0,0,0,0,0.633333,0.222222,0
www.execusite.com/iannucci/,10000000,0,0,1,9,7,0,0,0,0,0,0.454545,0
www.prestinaegele.com/welcome.html,10000000,0,0,2,145.5,145.5,0,0,0,0,0,0.847619,0
fso.cpasitesolutions.com/accountinggroup/,146081,0,0,2,247.5,253,0,0,0,0,0,0.878049,0
www.execusite.com/mackroberts/,10000000,0,0,2,19,16.5,0,0,0,0,0,0.775,0
www.execusite.com/mvs-cpa/,10000000,0,0,2,20,12.5,0,0,0,0,0,0.444444,0
www.execusite.com/bsccpas/welcome.html,10000000,0,0,4,82.25,79.75,0,0,0,0,0,0.825352,0
www.execusite.com/lewiscpas/,10000000,0,0,2,37,32,0,0,0,0,0,0.604651,0
ras.netopia.com/harrisoncpa,10000000,1,0,2,29.5,21.5,0,0,0,0,0.916667,0.569231,0
www.execusite.com/reedcpa/welcome.html,10000000,0,0,4,93.5,84.25,0,0,0,0,0,0.768657,0
my.hdvest.com/michaelmullins/,10000000,0,0,2,217.5,231,0,0,0,0,0,0.845679,0
www.xmission.com/~tjassoc/,40677,1,1,1,12,11,0,0,0,0,0.8,0.642857,0
www.execusite.com/bishandhaffey/,10000000,0,0,3,579,894,0,0,0,0,0,0.549982,0
www.cpa-center.com/zukerman,10000000,0,0,1,10,8,0,0,0,0,0,0.8,0
mysite.verizon.net/vzeo8acu/,1477,1,1,1,0,0,0,0,0,0,0.648936,0,0
www.execusite.com/gandkcpas/,10000000,0,0,2,863.5,1336.5,0,0,0,0,0,0.54875,0
www.execusite.com/kelseypc/,10000000,0,0,1,17,13,0,0,0,0,0,0.666667,0
www.kpmg.com/au/,14496,1,0,0,0,0,0,0,0,0,0.631579,0,0
members.optusnet.com.au/softax/,44194,1,1,1,177,194,0,0.00463,0,0.004762,0.73913,0.741784,0
members.iinet.net.au/~patrick6/,13847,1,1,1,50,56,0,0,0,0,0.692308,0.68254,0
www.execusite.com/mcumella/,10000000,0,0,2,15.5,12,0,0,0,0,0,0.666667,0
sbcspa.tripod.com/sbcs/,1267,1,1,1,9,8,0,0,0,0,0.681818,0.545455,0
users.erols.com/atyrsrvc/,10000000,1,1,2,11,9.5,0,0,0,0,0.636364,0.708333,0
w3.gorge.net/dede/,244124,1,1,1,16,11,0,0,0,0,0.785714,0.5,0
www.wiley.com/college/kieso/html/assoc.html,1933,1,1,4,248.5,272.5,0.003964,0.00362,0.001982,0.00181,0.894737,0.821678,0
www.cpateam.com/accounting-directories.htm,10000000,0,0,3,33.333333,28.333333,0,0,0,0,0,0.712963,0
sunrisefla.com/html/Accountants/,402852,0,0,2,142.5,140.5,0,0,0,0,0,0.837662,0
www.accountantsworld.com/list/directorylist.aspx,243266,0,0,3,138.666667,158,0,0,0,0,0,0.755424,0
pembrokepinesfla.com/html/Accountants/,285358,0,0,2,142.5,140.5,0,0,0,0,0,0.837662,0
www.topix.com/rss/business/accounting.xml,1057,1,1,4,125.75,132.5,0,0.001815,0,0.001835,0.727273,0.777969,0
www.newaccountantusa.com/default.html,10000000,0,0,2,147,149,0,0,0,0,0,0.832817,0
www-staff.lboro.ac.uk/~msawh/,61210,1,0,1,15,13,0.04,0.043478,0.041667,0.045455,0.909091,0.647059,0
wwwlib.umi.com/dissertations/,114995,1,0,1,14,12,0,0,0,0,0.722222,0.625,0
www.ssrn.com/arn/index.html,12617,1,0,3,123.333333,124.666667,0.002632,0.005222,0.002639,0.005236,0.909091,0.814634,0
aaahq.org/pubs/AESv16/toc.htm,415231,0,0,2,19,13.5,0,0,0,0,0,0.625,0
newman.baruch.cuny.edu/digital/saxe/default.htm,3887,1,1,5,50.2,52.6,0.01087,0.010417,0.010949,0.01049,0.928571,0.713333,0
bubl.ac.uk/link/a/accountingresearch.htm,262318,1,0,4,79.75,76.75,0.006154,0.003185,0.003077,0,0.875,0.710383,0
www.olemiss.edu/depts/general_library/aicpa/,53711,1,1,4,110.5,114.25,0,0,0,0,0.692308,0.838446,0
www.pwc.com/us/en/state-local-tax/,11034,1,0,3,166.666667,173.666667,0.009728,0.011236,0.003937,0.005682,0.526316,0.724662,0
onesource.thomsonreuters.com/salesanduse/,8034,1,0,3,610.333333,922.333333,0,0,0,0,0.5,0.554954,0
www.topix.com/rss/business/aerospace-defense.xml,1057,1,1,5,97.2,103,0,0.001866,0,0.001887,0.727273,0.774823,0
www.celtic-lines.com/airship.html,10000000,0,0,2,140,139.5,0,0,0,0,0,0.844884,0
www.3m.com/us/auto_marine_aero/aero/,10150,1,1,2,8,6,0,0,0,0,0.052632,0.555556,0
home.earthlink.net/~rerasmussen/,1104,1,1,1,21,17,0,0,0,0,0.633333,0.52,0
www.dma-aero.com/eu.htm,10000000,0,0,1,21,13,0,0,0,0,0,0.478261,0
www.spstech.com/aero/,10000000,0,0,1,16,12,0,0,0,0,0,0.555556,0
www.msa.freehosting.net/Index.htm,10000000,1,0,3,75.333333,76.333333,0.004255,0.008439,0.00431,0.008547,0.7,0.697761,0
freespace.virgin.net/andy.wright617/,34146,1,1,2,42,48,0,0.006579,0.007463,0.013793,0.770492,0.636364,0
www.spectrajet.homestead.com/main.html,3533,1,1,3,138.666667,144,0,0.002188,0,0.002208,0.846154,0.785263,0
www.aeroservis-sro.cz/en/English_version.htm,10000000,0,0,3,24.333333,16,0,0,0,0,0,0.493827,0
www.airenergy.de/html/index_english.html,10000000,1,0,3,184.333333,193.333333,0,0,0,0,0,0.81862,0
users.chariot.net.au/~geastwood/,10000000,1,0,1,21,21,0.027778,0.027778,0.028571,0.028571,0.9375,0.75,0
www.nucleus.com/~eureka/,518605,1,0,1,15,15,0,0,0,0,0.526316,0.666667,0
www.aero.com/bonaire/,10000000,1,0,1,17,14,0,0,0,0,0.713235,0.631579,0
bellsouthpwp.net/a/v/avifliflight/,367199,0,0,3,43.333333,37,0,0,0,0,0,0.685315,0
www.northlandcollege.edu/programs/aviation_maintenance_technology/,385134,0,0,4,46.25,49,0,0,0,0,0,0.79717,0
www.rangeraviation.com/interiors.html,10000000,0,0,2,142.5,143,0,0,0,0,0,0.853896,0
members.shaw.ca/mplansolutions/,4158,1,1,2,117,123,0.003704,0.007117,0.003788,0.007273,0.837838,0.684211,0
members.tripod.com/ralph_graves/,1267,1,1,2,22,18.5,0,0,0,0,0.681818,0.653061,0
news.bbc.co.uk/1/hi/sci/tech/5394070.stm,55,1,1,3,48.666667,41.333333,0.012121,0.019608,0.013746,0.022472,0.668317,0.5,0
news.bbc.co.uk/2/hi/uk_news/magazine/8542482.stm,55,1,1,4,257.25,266,0.060105,0.052986,0.051786,0.04569,0.668317,0.813692,0
www.survivalsuppliesltd.com/akit.html,10000000,0,0,2,173.5,179,0,0,0,0,0,0.821705,0
www.nvo.com/procallabs/,10000000,1,0,3,187.666667,198.333333,0,0,0,0,0.909091,0.556452,0
www.aerofalcon.com/homepage.htm,10000000,0,0,2,30,24,0,0,0,0,0,0.6875,0
www.internationalflight.homestead.com/one.html,3533,1,1,3,225.333333,234,0.004292,0.005525,0.004317,0.005556,0.846154,0.759898,0
www.freewebs.com/instruction/,5001,1,1,1,25,22,0,0,0,0,0.37037,0.740741,0
home.gci.net/~rruess/,165469,1,1,1,8,5,0,0,0,0,0.575758,0.625,0
users.rcn.com/greenbrg/gilmore/,27433,1,1,3,83.666667,84,0,0,0,0,0.7,0.771127,0
www.nsula.edu/aviation/,182169,1,1,1,32,31,0,0,0,0,0.75,0.852941,0
www.pennavionics.com/training/consult_svc.html,10000000,0,0,4,111,114,0,0,0,0,0,0.863354,0
www.sharpaviation.com.au/index.php/pt_home,10000000,0,0,4,251.75,269.25,0,0,0,0,0,0.795004,0
www.flightcamp.com.au/home,10000000,0,0,1,477,522,0,0,0,0,0,0.752632,0
www.copters.com/helicopter.html,10000000,1,0,2,149,151.5,0.006494,0.00639,0.006515,0.00641,0.916667,0.849231,0
www.users.globalnet.co.uk/~emanners/,10000000,1,0,2,66,68,0,0,0,0,0.636364,0.696203,0
www.usfamily.net/web/jims/,174701,1,1,2,215.5,218.5,0.006881,0.004515,0.006944,0.004556,0.5,0.662835,0
www.freewebs.com/flighttraining/,5001,1,1,2,114.5,118.5,0,0.007634,0,0.008163,0.37037,0.827451,0
www169.pair.com/jcat/jason/flying/,13531,1,1,2,46.5,47,0,0,0,0,0.741935,0.684685,0
www.angelfire.com/mo/kcconsulting/index.html,2547,1,1,3,136.666667,137.666667,0.006993,0.006944,0.007126,0.007075,0.636364,0.824834,0
www.materialsengineer.com/CA-fatigue.htm,10000000,0,0,2,19,14,0,0,0,0,0,0.609756,0
freespace.virgin.net/mike.robins/index.htm,34146,1,1,4,61.75,59,0.006623,0.006873,0.006757,0.007018,0.770492,0.769231,0
www.barco.com/defense/,92138,1,1,1,23,23,0,0,0,0,0.6875,0.533333,0
www.smi-online.co.uk/products/default.asp?pb_sect=1,394080,0,0,4,46.75,45.5,0,0,0,0,0,0.716279,0
www.govexec.com/top200/98charts/98dod.htm,78312,1,0,2,24,19.5,0,0,0,0,0,0.705882,0
www.prime-power.com/military-grade/,10000000,0,0,2,50,43.5,0,0,0,0,0,0.684685,0
www.sanmina-sci.com/markets/def_aero.html,264266,1,0,3,99.333333,99.333333,0,0,0,0,0.769231,0.856698,0
www.indexdirect.com/bneil/,10000000,0,0,1,31,29,0,0,0,0,0,0.764706,0
www.angelfire.com/sk/sabot/,2547,1,1,1,13,12,0,0,0,0,0.636364,0.666667,0
www.opticalsys.com/militaryuses.html,10000000,0,0,3,116,116,0,0,0,0,0,0.831579,0
www.aztechnology.com/optical.html,10000000,0,0,2,147,150,0,0,0,0,0,0.850467,0
www.powerstarinc.com/power.html,10000000,0,0,2,265.5,281,0,0,0,0,0,0.762903,0
www.angelfire.com/biz/troopsupport/,2547,1,1,3,50.333333,50,0.011696,0.011765,0.01227,0.012346,0.636364,0.739884,0
www.rapp-praezisionstechnik.de/html/en/home.htm,10000000,0,0,3,254.333333,267.666667,0,0,0,0,0,0.789714,0
www.angelfire.com/biz7/troopgear/ajc.html,2547,1,1,5,71,69.2,0.005333,0.005464,0.00545,0.005587,0.636364,0.81137,0
www.controlmastersinc.com/military_applications.htm,10000000,0,0,3,37,33,0,0,0,0,0,0.721311,0
www.topix.com/business/aerospace-defense,1057,1,1,3,112.666667,122.333333,0,0.002577,0,0.002618,0.727273,0.798469,0
www.energia.ru/english/index.html,829213,1,0,3,184.333333,193.333333,0,0,0,0,0.772727,0.81862,0
www.invap.net/index-e.php,10000000,1,0,2,265,277.5,0,0,0,0,0.666667,0.82968,0
global.mitsubishielectric.com/bu/space/index.html,101668,0,0,3,155.333333,161.666667,0,0,0,0,0,0.774254,0
www.dassault-aviation.com/en/space.html?L=1,414686,0,0,2,186.5,195,0,0,0,0,0,0.79108,0
home.comcast.net/~compositex,183,1,1,1,27,23,0.021739,0.022727,0.033333,0.035714,0.522388,0.666667,0
www.ams.usda.gov/farmersmarkets/,3690,1,1,3,58,59,0,0,0,0,0.862069,0.772727,0
www.angelfire.com/wa2/jjaqua/index.html,2547,1,1,3,131.666667,131,0.007246,0.007282,0.007389,0.007426,0.636364,0.799087,0
www.holidayjunction.com/aro/,10000000,0,0,1,8,2,0,0,0,0,0,0.25,0
homepage.tinet.ie/~decdeb/oysters.html,10000000,1,0,4,85.5,77.75,0,0,0,0,0.833333,0.789041,0
www.angelfire.com/fl5/cfarmsllc/,2547,1,1,2,39.5,35,0.01,0.010989,0.01087,0.012048,0.636364,0.77381,0
www.mitikas-sa.gr/index1.htm,10000000,0,0,2,57,54,0,0,0,0,0,0.681818,0
ag.arizona.edu/azaqua/ata.html,6655,1,1,2,151,149,0,0.002849,0,0.002825,0.761905,0.829268,0
www.aquaculturecouncilwa.com/marron/introduction,10000000,0,0,2,17.5,14.5,0,0,0,0,0,0.72973,0
www.bannertown.com/darksea.html,10000000,0,0,3,150.666667,158,0,0,0,0,0,0.753788,0
www.angelfire.com/country/aquafarm/,2547,1,1,3,79,83,0.011719,0.011194,0.012097,0.011538,0.636364,0.748201,0
www.angelfire.com/nb/iaa/,2547,1,1,1,17,11,0,0,0,0,0.636364,0.647059,0
home.kpn.nl/herwa073/aquacrops/,10000000,1,1,2,27.5,22.5,0,0,0,0,0.862069,0.666667,0
www.cropking.com/aqua.shtml,768731,1,0,2,23.5,19,0,0,0,0,0.5,0.634615,0
users.vic.chariot.net.au/~agktech/,10000000,1,0,3,45,39.333333,0,0,0,0,0.9375,0.51497,0
members.aon.at/solaris/,44794,1,1,1,37,37,0,0,0,0,0.730769,0.804878,0
www.morningmistfarm.8m.com/index1.html,10000000,1,0,3,156.666667,161.333333,0.002083,0.002024,0,0,0,0.789869,0
www.tarad.com/siamgoldfish-inter/,7054,1,1,3,22.333333,17.666667,0.012821,0.015625,0.014085,0.017544,0.416667,0.6,0
www.imbc.gr/biblio_serv/,10000000,1,0,2,7.5,4,0,0,0,0,0.625,0.352941,0
www.mass.gov/czm/wpmaraqu.htm,6142,1,1,4,20,16.25,0.005682,0.006211,0.005917,0.006494,0.747664,0.611111,0
www.npr.org/templates/story/story.php?storyId=5291579,911,1,1,3,180,188.333333,0,0.003322,0,0.003378,0.658537,0.835548,0
www.lib.noaa.gov/docaqua/frontpage.htm,1375,1,1,5,45.8,41.2,0,0,0,0,0.576923,0.647727,0
www.elsevier.com/wps/find/journaldescription.cws_home/503302/description#description,3835,1,1,6,129.833333,139.166667,0.006305,0.005889,0.005051,0.004717,0.894737,0.754348,0
www.wiley.com/bw/journal.asp?ref=1353-5773,1933,1,1,3,80.666667,80.333333,0.011628,0.011673,0.011719,0.011765,0.894737,0.718861,0
www.agf.gov.bc.ca/fisheries/index.htm,10000000,1,1,5,52.8,52.4,0.007092,0.007143,0.003745,0.003774,0.411765,0.718954,0
groups.yahoo.com/clubs/aquaculturefarming,4,1,1,3,21,19.333333,0.005747,0.007752,0.012876,0.015217,0.711198,0.833333,0
www.gnb.ca/0027/,60844,1,1,0,0,0,0,0,0,0,0.75,0,0
fcms.its.utas.edu.au/scieng/aqua/,74070,1,0,4,25.75,20.25,0,0,0,0,0.9,0.6,0
edis.ifas.ufl.edu/TOPIC_Aquaculture,5590,1,1,2,14,11.5,0,0,0,0,0.714286,0.5,0
www.ag.auburn.edu/fish/,26570,1,0,2,123.5,134,0,0,0,0,0.8125,0.666667,0
www.fao.org/DOCREP/FIELD/006/AD742E/AD742E00.HTM,8525,1,1,3,26.333333,22,0.02,0.011364,0.011236,0,0.478261,0.705882,0
www.ucc.ie/research/adc/,43313,1,1,2,73,72,0.005814,0.005882,0.006173,0.00625,0.62963,0.823899,0
hawaii.gov/hdoa/adp,32673,1,1,1,28,13,0,0,0,0,0.712121,0.464286,0
clients.ttm.bg/abi,10000000,1,0,1,28,14,0,0,0,0,0.5,0.4,0
www.ca.uky.edu/nssppa,13206,1,1,2,56,60.5,0.007463,0.006993,0.007752,0.007246,0.782609,0.688406,0
www.heartwoods.com/html/barn_wood.html,10000000,0,0,2,132.5,134,0,0,0,0,0,0.850694,0
www.abcopolebarns.com/1.html,10000000,0,0,1,265,268,0,0,0,0,0,0.850694,0
www2.oardc.ohio-state.edu/nematodes/,10000000,0,0,2,15,9.5,0,0,0,0,0,0.53125,0
members.aon.at/moitzi/yeti/default_eng.htm,44794,1,1,4,17,13.75,0.021739,0.025316,0.023529,0.027778,0.730769,0.618421,0
www.sierratel.com/resintl/,10000000,0,0,2,25,13,0,0,0,0,0,0.433962,0
pws.prserv.net/marketsolutions/,504041,0,0,2,125.5,126,0,0,0,0,0,0.740484,0
www.rurdev.usda.gov/rbs/index.html,3690,1,1,4,123.25,124.5,0,0,0,0,0.862069,0.779174,0
www.tumpline.com/agriculture,10000000,0,0,1,19,16,0,0,0,0,0,0.666667,0
www.virtualquincy.com/quincy/ag/index.html,10000000,0,0,3,126,127,0,0,0,0,0,0.815789,0
agritechnology.com/index.htm,10000000,0,0,2,57,54,0,0,0,0,0,0.681818,0
forestry.about.com/od/forestindustry1/,79,1,1,2,46,43.5,0.005181,0.005319,0.005319,0.010989,0.761062,0.808081,0
www.fs.fed.us/fsjobs/,10000000,1,0,2,717,756,0.002743,0.001952,0.000688,0.001307,0.548387,0.8622,0
www.jobsin.co.uk/?h=forestry,10000000,1,0,1,17,15,0,0,0,0,0.916667,0.684211,0
www.jobsin.co.uk/?h=agriculture,10000000,1,0,1,19,16,0.033333,0.037037,0.034483,0.038462,0.916667,0.666667,0
www.best-used-tractors.com/tractors.html,10000000,0,0,2,144.5,146.5,0,0,0,0,0,0.841772,0
cattlepages.com/equipment,10000000,0,0,1,60,57,0,0,0,0,0,0.746269,0
www.rainbird.com/ag/index.htm,203967,1,0,2,57,54,0,0,0,0,0.789474,0.681818,0
rimu.orconhosting.net.nz/philproof/,509138,0,0,2,40,38,0,0,0,0,0,0.695652,0
www.kolnag.ru/english/default.htm,10000000,0,0,3,81.666667,86.666667,0,0,0,0,0,0.784452,0
www.angelfire.com/mt/den/,2547,1,1,1,71,86,0,0,0,0,0.636364,0.744444,0
www.angelfire.com/nc/dynadiggr/index.html,2547,1,1,4,97.25,95,0.009828,0.01005,0.010025,0.010256,0.636364,0.792541,0
www.diffusion-directe.fr/eindex.htm,10000000,0,0,2,57,54,0,0,0,0,0,0.681818,0
www.rotomec.com/usa/,10000000,1,0,1,114,113,0,0,0,0,0.666667,0.719697,0
members.smetc.com/gokmenler/,10000000,0,0,3,38.333333,37.666667,0,0,0,0,0,0.640288,0
showcase.netins.net/web/grainvacsinc,269761,1,1,4,153.25,152,0.0032,0.004847,0.003221,0.004878,0.714286,0.710084,0
www.sznorinco.com/shovel,10000000,0,0,1,22,17,0,0,0,0,0,0.625,0
www.agdealer.com/grande,976696,1,0,1,49,49,0,0,0,0,0.75,0.689655,0
www.agdealer.com/parkland,976696,1,0,1,17,14,0,0,0,0,0.75,0.631579,0
www.agdealer.com/chabot,976696,1,0,1,16,15,0,0,0,0,0.75,0.722222,0
www.agdealer.com/drummonds,976696,1,0,1,11,10,0,0,0,0,0.75,0.615385,0
www.agdealer.com/hlmotors,976696,1,0,1,64,65,0,0,0,0,0.75,0.697368,0
www.agdealer.com/keystone,976696,1,0,1,18,14,0,0,0,0,0.75,0.6,0
www.agdealer.com/littlemorden,976696,1,0,2,69.5,77.5,0,0,0,0,0.75,0.719298,0
www.agdealer.com/kms,976696,1,0,1,22,11,0,0,0,0,0.75,0.375,0
www.agdealer.com/leos,976696,1,0,1,15,14,0,0,0,0,0.75,0.705882,0
www.agdealer.com/notredame,976696,1,0,2,26.5,26,0,0,0,0,0.75,0.693548,0
www.agdealer.com/tic,976696,1,0,1,20,10,0,0,0,0,0.75,0.428571,0
www.agdealer.com/southeastern,976696,1,0,1,23,18,0,0,0,0,0.75,0.64,0
www.agdealer.com/fulllineag,976696,1,0,2,124,133.5,0,0,0,0,0.75,0.584615,0
www.agdealer.com/greentrac,976696,1,0,2,120,121,0,0,0,0,0.75,0.759124,0
www.agdealer.com/maplefarm,976696,1,0,2,64.5,67.5,0,0,0,0,0.75,0.748344,0
www.agdealer.com/wheatbeltsales,976696,1,0,2,42.5,39.5,0,0,0,0,0.75,0.802198,0
www.agdealer.com/redvers,976696,1,0,1,12,11,0.066667,0.071429,0.071429,0.076923,0.75,0.642857,0
www.angelfire.com/mo3/ameritractor/,2547,1,1,2,26,19,0.027778,0.034483,0.03125,0.04,0.636364,0.607143,0
www.tractorjoe.com/zetor,867292,0,0,1,12,10,0,0,0,0,0,0.833333,0
agcocorpdealers.com/FLANAGANIMP/,10000000,0,0,1,0,0,0,0,0,0,0,0,0
agcocorpdealers.com/ROHLFS/,10000000,0,0,1,13,11,0,0,0,0,0,0.846154,0
agcocorpdealers.com/PLEVNA/,10000000,0,0,1,10,9,0,0,0,0,0,0.583333,0
www.agcocorpdealers.com/isaacsonimplt/,10000000,0,0,2,11,8,0,0,0,0,0,0.583333,0
agcocorpdealers.com/LAUFEQUIP/,10000000,0,0,1,0,0,0,0,0,0,0,0,0
agcocorpdealers.com/terryimp/,10000000,0,0,2,30,22.5,0,0,0,0,0,0.640625,0
agcocorpdealers.com/VAHRENBERGIMP/,10000000,0,0,1,0,0,0,0,0,0,0,0,0
agcocorpdealers.com/EARLLADD/,10000000,0,0,1,0,0,0,0,0,0,0,0,0
agcocorpdealers.com/SOUTHWESTERNEQUIPMENT/,10000000,0,0,1,0,0,0,0,0,0,0,0,0
agcocorpdealers.com/KOENECKE/,10000000,0,0,1,3,2,0,0,0,0,0,0.25,0
agcocorpdealers.com/PORTLANDIMP/,10000000,0,0,1,0,0,0,0,0,0,0,0,0
www.leinbachs.com/inc.html,10000000,0,0,2,210.5,212,0,0,0,0,0,0.85307,0
www.reallyinnovations.com/sprayers.html,10000000,0,0,2,140,140.5,0,0,0,0,0,0.851485,0
www.deere.com/en_US/ProductCatalog/FR/category/FR_SPRAYERS.html,19245,1,1,5,58,58.8,0,0,0,0,0.685714,0.842271,0
buckinghammint.com/NA_Land.htm,10000000,0,0,3,579.333333,892.333333,0,0,0,0,0,0.548036,0
www.propertyguide.com.au/rural/,10000000,0,0,1,23,20,0,0,0,0,0,0.653846,0
eaglestar.net/Land_Buyers_List/index.html,354275,1,0,3,119.333333,121,0,0,0,0,0.625,0.811558,0
www.northernlife.com/realestate,10000000,1,0,1,25,16,0,0,0,0,0.5,0.576923,0
www.mts.net/~fronge/farmsale.html,10000000,1,1,4,197.25,196,0,0.002445,0,0.002491,0.583333,0.820602,0
www.malad.com/farms.htm,10000000,1,0,2,30.5,25,0,0,0,0,0.9,0.761905,0
www.ranchmagazine.com/re.html,10000000,0,0,1,265,268,0,0,0,0,0,0.850694,0
www.rockisland.com/~cedarfences/,10000000,1,1,2,25,21.5,0,0,0,0,0.8,0.722222,0
www.wightman.ca/~blitz/,434683,1,0,1,22,16,0,0,0,0,0.928571,0.52,0
